cluster_id|perguntas_respostas
255|P0
269|P1
117|P2
253|P3
207|P4
76|P5
192|P6
38|P7
112|P8
252|P9
258|P10
258|P11
8|P12
219|P13
155|P14
195|P15
126|P16
195|P17
256|P18
147|P19
170|P20
180|P21
258|P22
149|P23
229|P24
56|P25
94|P26
258|P27
218|P28
258|P29
258|P30
259|P31
258|P32
56|P33
258|P34
215|P35
178|P36
256|P37
269|P38
183|P39
44|P40
168|P41
120|P42
126|P43
160|P44
168|P45
121|P46
139|P47
23|P48
45|P49
125|P50
193|P51
96|P52
188|P53
143|P54
237|P55
195|P56
269|P57
56|P58
123|P59
253|P60
270|P61
132|P62
260|P63
98|P64
263|P65
258|P66
122|P67
154|P68
137|P69
207|P70
216|P71
104|P72
201|P73
207|P74
255|P75
190|P76
219|P77
195|P78
107|P79
258|P80
258|P81
137|P82
157|P83
241|P84
101|P85
192|P86
2|P87
254|P88
249|P89
263|P90
169|P91
204|P92
258|P93
219|P94
92|P95
32|P96
189|P97
131|P98
249|P99
161|P100
115|P101
8|P102
217|P103
122|P104
249|P105
155|P106
140|P107
157|P108
207|P109
235|P110
56|P111
256|P112
185|P113
177|P114
232|P115
219|P116
131|P117
214|P118
155|P119
232|P120
258|P121
255|P122
263|P123
94|P124
17|P125
258|P126
29|P127
111|P128
204|P129
258|P130
258|P131
242|P132
134|P133
124|P134
212|P135
269|P136
34|P137
230|P138
192|P139
126|P140
153|P141
258|P142
216|P143
258|P144
258|P145
32|P146
258|P147
212|P148
258|P149
211|P150
157|P151
162|P152
263|P153
221|P154
99|P155
170|P156
258|P157
235|P158
120|P159
120|P160
33|P161
258|P162
208|P163
212|P164
137|P165
214|P166
157|P167
45|P168
258|P169
192|P170
258|P171
258|P172
179|P173
105|P174
258|P175
217|P176
165|P177
255|P178
190|P179
263|P180
224|P181
212|P182
258|P183
258|P184
189|P185
195|P186
207|P187
249|P188
263|P189
166|P190
207|P191
258|P192
91|P193
7|P194
115|P195
188|P196
195|P197
258|P198
214|P199
73|P200
258|P201
162|P202
210|P203
55|P204
135|P205
240|P206
54|P207
258|P208
199|P209
45|P210
252|P211
43|P212
255|P213
258|P214
212|P215
214|P216
74|P217
106|P218
84|P219
137|P220
258|P221
219|P222
178|P223
80|P224
263|P225
227|P226
258|P227
56|P228
216|P229
258|P230
159|P231
258|P232
56|P233
147|P234
219|P235
235|P236
118|P237
153|P238
212|P239
72|P240
63|P241
216|P242
258|P243
110|P244
192|P245
143|P246
228|P247
212|P248
115|P249
263|P250
235|P251
222|P252
226|P253
98|P254
258|P255
207|P256
20|P257
269|P258
117|P259
76|P260
258|P261
120|P262
29|P263
224|P264
2|P265
169|P266
207|P267
108|P268
29|P269
207|P270
129|P271
137|P272
153|P273
129|P274
258|P275
196|P276
178|P277
212|P278
202|P279
160|P280
169|P281
108|P282
121|P283
2|P284
98|P285
255|P286
43|P287
269|P288
28|P289
199|P290
258|P291
219|P292
195|P293
264|P294
198|P295
263|P296
203|P297
253|P298
218|P299
254|P300
255|P301
99|P302
235|P303
193|P304
23|P305
195|P306
225|P307
116|P308
178|P309
74|P310
149|P311
121|P312
192|P313
258|P314
218|P315
29|P316
148|P317
56|P318
258|P319
258|P320
207|P321
212|P322
60|P323
190|P324
219|P325
221|P326
265|P327
164|P328
199|P329
137|P330
258|P331
258|P332
134|P333
269|P334
258|P335
258|P336
195|P337
212|P338
98|P339
197|P340
53|P341
219|P342
155|P343
129|P344
212|P345
76|P346
153|P347
112|P348
219|P349
157|P350
258|P351
212|P352
79|P353
235|P354
110|P355
219|P356
150|P357
120|P358
246|P359
258|P360
204|P361
178|P362
56|P363
255|P364
220|P365
12|P366
207|P367
113|P368
135|P369
105|P370
187|P371
81|P372
165|P373
258|P374
52|P375
112|P376
263|P377
219|P378
263|P379
65|P380
132|P381
188|P382
219|P383
126|P384
117|P385
140|P386
195|P387
252|P388
258|P389
201|P390
219|P391
264|P392
160|P393
181|P394
120|P395
212|P396
23|P397
146|P398
258|P399
140|P400
125|P401
212|P402
207|P403
219|P404
212|P405
153|P406
258|P407
210|P408
232|P409
235|P410
249|P411
188|P412
112|P413
140|P414
8|P415
15|P416
160|P417
195|P418
142|P419
85|P420
29|P421
212|P422
219|P423
269|P424
157|P425
75|P426
249|P427
88|P428
209|P429
258|P430
121|P431
258|P432
197|P433
205|P434
213|P435
134|P436
237|P437
226|P438
171|P439
207|P440
224|P441
263|P442
45|P443
219|P444
225|P445
121|P446
59|P447
129|P448
217|P449
258|P450
212|P451
39|P452
81|P453
258|P454
121|P455
8|P456
178|P457
76|P458
149|P459
210|P460
67|P461
215|P462
212|P463
65|P464
35|P465
202|P466
194|P467
263|P468
122|P469
235|P470
126|P471
162|P472
219|P473
137|P474
235|P475
92|P476
8|P477
212|P478
143|P479
219|P480
117|P481
258|P482
124|P483
131|P484
258|P485
263|P486
195|P487
212|P488
235|P489
98|P490
241|P491
181|P492
231|P493
219|P494
148|P495
249|P496
212|P497
132|P498
176|P499
224|P500
212|P501
212|P502
258|P503
195|P504
269|P505
258|P506
232|P507
263|P508
120|P509
269|P510
263|P511
132|P512
174|P513
79|P514
242|P515
258|P516
212|P517
258|P518
55|P519
174|P520
258|P521
214|P522
132|P523
212|P524
147|P525
188|P526
228|P527
255|P528
184|P529
212|P530
137|P531
263|P532
258|P533
116|P534
225|P535
60|P536
121|P537
188|P538
117|P539
207|P540
195|P541
46|P542
205|P543
195|P544
2|P545
195|P546
269|P547
252|P548
228|P549
195|P550
269|P551
263|P552
204|P553
142|P554
209|P555
80|P556
237|P557
258|P558
204|P559
212|P560
219|P561
65|P562
157|P563
85|P564
178|P565
193|P566
15|P567
258|P568
17|P569
15|P570
219|P571
258|P572
137|P573
194|P574
209|P575
258|P576
29|P577
235|P578
173|P579
195|P580
157|P581
258|P582
45|P583
258|P584
263|P585
262|P586
258|P587
92|P588
212|P589
56|P590
258|P591
216|P592
244|P593
195|P594
218|P595
178|P596
112|P597
258|P598
212|P599
76|P600
193|P601
137|P602
195|P603
77|P604
132|P605
207|P606
23|P607
185|P608
258|P609
249|P610
219|P611
3|P612
193|P613
137|P614
106|P615
144|P616
252|P617
207|P618
249|P619
139|P620
163|P621
137|P622
168|P623
67|P624
219|P625
255|P626
71|P627
249|P628
212|P629
160|P630
219|P631
195|P632
2|P633
188|P634
224|P635
2|P636
263|P637
216|P638
145|P639
155|P640
8|P641
131|P642
253|P643
120|P644
215|P645
195|P646
155|P647
212|P648
157|P649
147|P650
197|P651
188|P652
149|P653
195|P654
137|P655
212|P656
2|P657
193|P658
177|P659
132|P660
204|P661
142|P662
76|P663
140|P664
202|P665
243|P666
249|P667
44|P668
256|P669
258|P670
203|P671
258|P672
24|P673
258|P674
219|P675
235|P676
115|P677
218|P678
106|P679
137|P680
258|P681
147|P682
212|P683
212|P684
145|P685
140|P686
195|P687
56|P688
140|P689
8|P690
131|P691
263|P692
258|P693
263|P694
110|P695
219|P696
87|P697
23|P698
98|P699
2|P700
258|P701
252|P702
189|P703
218|P704
209|P705
192|P706
131|P707
121|P708
252|P709
199|P710
211|P711
120|P712
237|P713
128|P714
160|P715
155|P716
269|P717
235|P718
212|P719
147|P720
58|P721
120|P722
258|P723
211|P724
211|P725
8|P726
219|P727
120|P728
192|P729
247|P730
212|P731
117|P732
219|P733
193|P734
99|P735
132|P736
212|P737
117|P738
219|P739
215|P740
195|P741
219|P742
8|P743
130|P744
114|P745
140|P746
98|P747
249|P748
219|P749
153|P750
146|P751
207|P752
58|P753
121|P754
249|P755
169|P756
212|P757
8|P758
112|P759
107|P760
151|P761
249|P762
30|P763
243|P764
258|P765
258|P766
218|P767
192|P768
228|P769
255|P770
100|P771
118|P772
248|P773
200|P774
148|P775
252|P776
195|P777
258|P778
2|P779
210|P780
129|P781
8|P782
204|P783
269|P784
207|P785
218|P786
212|P787
106|P788
40|P789
79|P790
232|P791
145|P792
121|P793
212|P794
263|P795
214|P796
32|P797
235|P798
157|P799
178|P800
173|P801
258|P802
219|P803
263|P804
122|P805
195|P806
137|P807
27|P808
193|P809
129|P810
219|P811
192|P812
76|P813
95|P814
92|P815
219|P816
260|P817
212|P818
195|P819
76|P820
86|P821
207|P822
105|P823
169|P824
193|P825
240|P826
152|P827
111|P828
157|P829
225|P830
263|P831
188|P832
65|P833
193|P834
178|P835
160|P836
167|P837
258|P838
258|P839
207|P840
258|P841
237|P842
45|P843
258|P844
87|P845
195|P846
178|P847
140|P848
206|P849
131|P850
2|P851
258|P852
129|P853
193|P854
212|P855
106|P856
242|P857
215|P858
129|P859
133|P860
140|P861
195|P862
2|P863
237|P864
212|P865
132|P866
259|P867
12|P868
126|P869
134|P870
155|P871
255|P872
151|P873
132|P874
208|P875
176|P876
195|P877
195|P878
199|P879
129|P880
212|P881
269|P882
160|P883
219|P884
219|P885
192|P886
207|P887
219|P888
269|P889
155|P890
204|P891
45|P892
212|P893
174|P894
45|P895
227|P896
114|P897
258|P898
224|P899
258|P900
56|P901
160|P902
161|P903
8|P904
107|P905
105|P906
133|P907
258|P908
131|P909
237|P910
137|P911
212|P912
219|P913
258|P914
189|P915
205|P916
8|P917
73|P918
147|P919
71|P920
42|P921
155|P922
204|P923
200|P924
207|P925
188|P926
168|P927
17|P928
269|P929
263|P930
122|P931
182|P932
230|P933
258|P934
145|P935
258|P936
219|P937
76|P938
258|P939
249|P940
112|P941
92|P942
66|P943
188|P944
253|P945
105|P946
129|P947
252|P948
73|P949
155|P950
19|P951
27|P952
128|P953
72|P954
258|P955
166|P956
191|P957
263|P958
235|P959
212|P960
258|P961
155|P962
19|P963
184|P964
121|P965
116|P966
94|P967
203|P968
212|P969
178|P970
258|P971
211|P972
67|P973
112|P974
258|P975
252|P976
37|P977
263|P978
212|P979
269|P980
114|P981
162|P982
258|P983
173|P984
255|P985
35|P986
137|P987
219|P988
101|P989
132|P990
112|P991
137|P992
212|P993
258|P994
168|P995
235|P996
14|P997
143|P998
178|P999
252|P1000
212|P1001
107|P1002
252|P1003
247|P1004
196|P1005
89|P1006
175|P1007
205|P1008
219|P1009
258|P1010
76|P1011
177|P1012
173|P1013
210|P1014
195|P1015
76|P1016
235|P1017
214|P1018
159|P1019
139|P1020
168|P1021
192|P1022
249|P1023
114|P1024
148|P1025
140|P1026
255|P1027
258|P1028
174|P1029
258|P1030
207|P1031
106|P1032
144|P1033
249|P1034
137|P1035
92|P1036
269|P1037
107|P1038
79|P1039
212|P1040
2|P1041
112|P1042
206|P1043
13|P1044
235|P1045
166|P1046
219|P1047
5|P1048
201|P1049
213|P1050
178|P1051
204|P1052
195|P1053
120|P1054
235|P1055
76|P1056
235|P1057
117|P1058
195|P1059
128|P1060
202|P1061
264|P1062
228|P1063
111|P1064
155|P1065
212|P1066
159|P1067
178|P1068
268|P1069
235|P1070
78|P1071
253|P1072
126|P1073
212|P1074
195|P1075
199|P1076
145|P1077
85|P1078
219|P1079
180|P1080
255|P1081
56|P1082
195|P1083
56|P1084
195|P1085
253|P1086
144|P1087
120|P1088
155|P1089
170|P1090
150|P1091
232|P1092
210|P1093
258|P1094
183|P1095
207|P1096
189|P1097
250|P1098
111|P1099
219|P1100
120|P1101
258|P1102
56|P1103
137|P1104
230|P1105
255|P1106
219|P1107
207|P1108
212|P1109
43|P1110
195|P1111
248|P1112
219|P1113
214|P1114
173|P1115
188|P1116
219|P1117
263|P1118
56|P1119
256|P1120
249|P1121
205|P1122
258|P1123
263|P1124
195|P1125
158|P1126
98|P1127
168|P1128
137|P1129
212|P1130
140|P1131
83|P1132
129|P1133
101|P1134
140|P1135
199|P1136
198|P1137
178|P1138
258|P1139
199|P1140
204|P1141
186|P1142
192|P1143
235|P1144
219|P1145
189|P1146
216|P1147
218|P1148
126|P1149
117|P1150
218|P1151
263|P1152
219|P1153
258|P1154
116|P1155
195|P1156
251|P1157
73|P1158
212|P1159
61|P1160
90|P1161
88|P1162
8|P1163
212|P1164
173|P1165
212|P1166
132|P1167
266|P1168
2|P1169
137|P1170
263|P1171
173|P1172
195|P1173
195|P1174
112|P1175
111|P1176
212|P1177
258|P1178
168|P1179
90|P1180
178|P1181
192|P1182
52|P1183
263|P1184
132|P1185
235|P1186
263|P1187
98|P1188
98|P1189
74|P1190
124|P1191
176|P1192
226|P1193
95|P1194
258|P1195
216|P1196
78|P1197
212|P1198
256|P1199
88|P1200
178|P1201
171|P1202
258|P1203
8|P1204
98|P1205
23|P1206
215|P1207
189|P1208
56|P1209
195|P1210
195|P1211
128|P1212
199|P1213
251|P1214
207|P1215
210|P1216
198|P1217
219|P1218
212|P1219
45|P1220
178|P1221
258|P1222
175|P1223
73|P1224
37|P1225
145|P1226
222|P1227
30|P1228
74|P1229
191|P1230
153|P1231
260|P1232
110|P1233
126|P1234
76|P1235
213|P1236
87|P1237
269|P1238
189|P1239
148|P1240
135|P1241
231|P1242
269|P1243
178|P1244
212|P1245
187|P1246
219|P1247
56|P1248
204|P1249
7|P1250
228|P1251
63|P1252
167|P1253
212|P1254
219|P1255
129|P1256
258|P1257
258|P1258
252|P1259
235|P1260
112|P1261
193|P1262
61|P1263
87|P1264
258|P1265
47|P1266
8|P1267
98|P1268
210|P1269
39|P1270
156|P1271
116|P1272
140|P1273
214|P1274
176|P1275
195|P1276
263|P1277
101|P1278
249|P1279
100|P1280
195|P1281
237|P1282
177|P1283
258|P1284
188|P1285
255|P1286
117|P1287
195|P1288
219|P1289
129|P1290
219|P1291
140|P1292
105|P1293
207|P1294
244|P1295
115|P1296
113|P1297
263|P1298
212|P1299
252|P1300
76|P1301
131|P1302
219|P1303
215|P1304
241|P1305
258|P1306
219|P1307
109|P1308
258|P1309
195|P1310
45|P1311
121|P1312
192|P1313
263|P1314
214|P1315
106|P1316
263|P1317
121|P1318
207|P1319
128|P1320
178|P1321
258|P1322
241|P1323
212|P1324
235|P1325
76|P1326
112|P1327
199|P1328
121|P1329
219|P1330
84|P1331
258|P1332
223|P1333
201|P1334
86|P1335
212|P1336
62|P1337
212|P1338
204|P1339
110|P1340
155|P1341
248|P1342
128|P1343
201|P1344
148|P1345
78|P1346
165|P1347
121|P1348
178|P1349
20|P1350
92|P1351
109|P1352
71|P1353
153|P1354
155|P1355
129|P1356
252|P1357
55|P1358
137|P1359
156|P1360
81|P1361
212|P1362
58|P1363
167|P1364
52|P1365
207|P1366
258|P1367
178|P1368
133|P1369
212|P1370
219|P1371
211|P1372
258|P1373
263|P1374
219|P1375
74|P1376
258|P1377
258|P1378
137|P1379
160|P1380
203|P1381
137|P1382
258|P1383
195|P1384
76|P1385
112|P1386
204|P1387
31|P1388
199|P1389
61|P1390
207|P1391
258|P1392
137|P1393
76|P1394
110|P1395
205|P1396
195|P1397
258|P1398
155|P1399
237|P1400
106|P1401
140|P1402
111|P1403
218|P1404
218|P1405
129|P1406
212|P1407
235|P1408
112|P1409
206|P1410
106|P1411
183|P1412
204|P1413
79|P1414
263|P1415
198|P1416
160|P1417
129|P1418
165|P1419
199|P1420
112|P1421
195|P1422
258|P1423
121|P1424
269|P1425
153|P1426
212|P1427
45|P1428
168|P1429
267|P1430
41|P1431
146|P1432
219|P1433
173|P1434
178|P1435
24|P1436
119|P1437
105|P1438
269|P1439
193|P1440
112|P1441
258|P1442
126|P1443
212|P1444
192|P1445
54|P1446
131|P1447
212|P1448
190|P1449
197|P1450
237|P1451
149|P1452
67|P1453
252|P1454
221|P1455
140|P1456
121|P1457
219|P1458
219|P1459
258|P1460
263|P1461
195|P1462
193|P1463
195|P1464
212|P1465
269|P1466
195|P1467
212|P1468
155|P1469
222|P1470
145|P1471
258|P1472
117|P1473
129|P1474
258|P1475
195|P1476
155|P1477
212|P1478
85|P1479
258|P1480
72|P1481
237|P1482
146|P1483
95|P1484
137|P1485
195|P1486
258|P1487
111|P1488
49|P1489
173|P1490
204|P1491
258|P1492
160|P1493
155|P1494
45|P1495
235|P1496
56|P1497
202|P1498
89|P1499
207|P1500
258|P1501
176|P1502
132|P1503
134|P1504
134|P1505
215|P1506
188|P1507
153|P1508
15|P1509
120|P1510
54|P1511
269|P1512
263|P1513
160|P1514
160|P1515
255|P1516
258|P1517
89|P1518
128|P1519
129|P1520
153|P1521
258|P1522
132|P1523
174|P1524
219|P1525
247|P1526
99|P1527
249|P1528
186|P1529
112|P1530
218|P1531
212|P1532
258|P1533
169|P1534
8|P1535
126|P1536
137|P1537
219|P1538
237|P1539
212|P1540
163|P1541
235|P1542
212|P1543
268|P1544
230|P1545
232|P1546
264|P1547
258|P1548
205|P1549
79|P1550
267|P1551
263|P1552
188|P1553
147|P1554
140|P1555
224|P1556
137|P1557
258|P1558
258|P1559
96|P1560
246|P1561
213|P1562
195|P1563
204|P1564
34|P1565
212|P1566
212|P1567
258|P1568
8|P1569
157|P1570
219|P1571
104|P1572
137|P1573
121|P1574
219|P1575
69|P1576
74|P1577
248|P1578
214|P1579
77|P1580
162|P1581
73|P1582
258|P1583
196|P1584
258|P1585
269|P1586
256|P1587
153|P1588
94|P1589
219|P1590
216|P1591
99|P1592
258|P1593
255|P1594
212|P1595
140|P1596
37|P1597
164|P1598
171|P1599
210|P1600
212|P1601
235|P1602
195|P1603
235|P1604
269|P1605
188|P1606
258|P1607
122|P1608
153|P1609
212|P1610
219|P1611
110|P1612
60|P1613
121|P1614
191|P1615
258|P1616
193|P1617
197|P1618
212|P1619
258|P1620
266|P1621
188|P1622
243|P1623
2|P1624
204|P1625
210|P1626
269|P1627
69|P1628
85|P1629
214|P1630
199|P1631
145|P1632
212|P1633
218|P1634
76|P1635
153|P1636
30|P1637
195|P1638
219|P1639
269|P1640
36|P1641
258|P1642
178|P1643
213|P1644
52|P1645
218|P1646
218|P1647
249|P1648
170|P1649
155|P1650
258|P1651
119|P1652
255|P1653
259|P1654
163|P1655
195|P1656
258|P1657
171|P1658
216|P1659
258|P1660
255|P1661
185|P1662
139|P1663
228|P1664
2|P1665
258|P1666
137|P1667
96|P1668
258|P1669
201|P1670
199|P1671
95|P1672
263|P1673
258|P1674
232|P1675
211|P1676
219|P1677
70|P1678
195|P1679
269|P1680
131|P1681
258|P1682
199|P1683
168|P1684
258|P1685
228|P1686
201|P1687
11|P1688
260|P1689
76|P1690
28|P1691
258|P1692
249|P1693
249|P1694
212|P1695
263|P1696
195|P1697
212|P1698
132|P1699
83|P1700
140|P1701
209|P1702
212|P1703
215|P1704
162|P1705
214|P1706
112|P1707
8|P1708
212|P1709
182|P1710
192|P1711
258|P1712
195|P1713
129|P1714
258|P1715
178|P1716
193|P1717
216|P1718
258|P1719
219|P1720
254|P1721
212|P1722
104|P1723
70|P1724
56|P1725
56|P1726
212|P1727
258|P1728
92|P1729
62|P1730
263|P1731
232|P1732
258|P1733
165|P1734
235|P1735
124|P1736
251|P1737
56|P1738
249|P1739
49|P1740
104|P1741
201|P1742
258|P1743
212|P1744
237|P1745
249|P1746
235|P1747
235|P1748
212|P1749
219|P1750
99|P1751
34|P1752
110|P1753
258|P1754
212|P1755
266|P1756
183|P1757
132|P1758
218|P1759
167|P1760
162|P1761
141|P1762
258|P1763
216|P1764
219|P1765
155|P1766
122|P1767
252|P1768
237|P1769
121|P1770
23|P1771
105|P1772
114|P1773
219|P1774
15|P1775
142|P1776
199|P1777
258|P1778
258|P1779
258|P1780
121|P1781
2|P1782
157|P1783
155|P1784
239|P1785
99|P1786
195|P1787
137|P1788
228|P1789
235|P1790
223|P1791
252|P1792
129|P1793
121|P1794
195|P1795
98|P1796
178|P1797
212|P1798
269|P1799
210|P1800
112|P1801
249|P1802
256|P1803
201|P1804
219|P1805
212|P1806
178|P1807
207|P1808
263|P1809
140|P1810
8|P1811
147|P1812
252|P1813
235|P1814
258|P1815
162|P1816
188|P1817
204|P1818
106|P1819
228|P1820
128|P1821
178|P1822
193|P1823
157|P1824
155|P1825
263|P1826
188|P1827
269|P1828
128|P1829
263|P1830
181|P1831
237|P1832
132|P1833
269|P1834
222|P1835
219|P1836
67|P1837
212|P1838
199|P1839
193|P1840
195|P1841
188|P1842
191|P1843
75|P1844
153|P1845
258|P1846
215|P1847
258|P1848
173|P1849
204|P1850
168|P1851
195|P1852
49|P1853
8|P1854
121|P1855
269|P1856
178|P1857
106|P1858
65|P1859
212|P1860
219|P1861
258|P1862
263|P1863
56|P1864
203|P1865
121|P1866
232|P1867
219|P1868
196|P1869
237|P1870
120|P1871
126|P1872
169|P1873
120|P1874
121|P1875
112|P1876
2|P1877
8|P1878
23|P1879
213|P1880
199|P1881
15|P1882
162|P1883
98|P1884
212|P1885
114|P1886
269|P1887
219|P1888
201|P1889
212|P1890
137|P1891
232|P1892
204|P1893
212|P1894
191|P1895
207|P1896
219|P1897
57|P1898
76|P1899
235|P1900
255|P1901
134|P1902
192|P1903
192|P1904
105|P1905
269|P1906
130|P1907
218|P1908
168|P1909
212|P1910
78|P1911
232|P1912
207|P1913
231|P1914
20|P1915
220|P1916
218|P1917
262|P1918
22|P1919
130|P1920
219|P1921
195|P1922
212|P1923
219|P1924
235|P1925
195|P1926
117|P1927
215|P1928
138|P1929
178|P1930
216|P1931
221|P1932
255|P1933
204|P1934
258|P1935
66|P1936
176|P1937
230|P1938
17|P1939
207|P1940
78|P1941
14|P1942
235|P1943
155|P1944
248|P1945
137|P1946
45|P1947
212|P1948
160|P1949
162|P1950
140|P1951
183|P1952
212|P1953
105|P1954
207|P1955
255|P1956
169|P1957
153|P1958
162|P1959
105|P1960
61|P1961
160|P1962
112|P1963
145|P1964
214|P1965
235|P1966
258|P1967
213|P1968
210|P1969
212|P1970
112|P1971
106|P1972
153|P1973
102|P1974
214|P1975
173|P1976
124|P1977
23|P1978
129|P1979
215|P1980
212|P1981
193|P1982
90|P1983
195|P1984
160|P1985
219|P1986
134|P1987
194|P1988
263|P1989
50|P1990
258|P1991
212|P1992
178|P1993
215|P1994
162|P1995
132|P1996
218|P1997
246|P1998
249|P1999
137|P2000
258|P2001
193|P2002
212|P2003
92|P2004
215|P2005
156|P2006
195|P2007
124|P2008
140|P2009
212|P2010
201|P2011
212|P2012
212|P2013
258|P2014
188|P2015
258|P2016
215|P2017
137|P2018
132|P2019
269|P2020
106|P2021
258|P2022
157|P2023
261|P2024
157|P2025
76|P2026
218|P2027
100|P2028
258|P2029
107|P2030
236|P2031
117|P2032
85|P2033
114|P2034
92|P2035
148|P2036
106|P2037
217|P2038
52|P2039
222|P2040
235|P2041
110|P2042
258|P2043
132|P2044
8|P2045
212|P2046
104|P2047
44|P2048
141|P2049
13|P2050
106|P2051
195|P2052
215|P2053
263|P2054
212|P2055
77|P2056
158|P2057
227|P2058
204|P2059
35|P2060
212|P2061
186|P2062
258|P2063
155|P2064
207|P2065
56|P2066
56|P2067
137|P2068
207|P2069
258|P2070
215|P2071
76|P2072
249|P2073
88|P2074
195|P2075
56|P2076
122|P2077
168|P2078
121|P2079
171|P2080
255|P2081
246|P2082
219|P2083
137|P2084
90|P2085
258|P2086
83|P2087
207|P2088
258|P2089
178|P2090
255|P2091
140|P2092
110|P2093
212|P2094
195|P2095
232|P2096
255|P2097
189|P2098
106|P2099
219|P2100
212|P2101
124|P2102
235|P2103
258|P2104
138|P2105
157|P2106
56|P2107
208|P2108
175|P2109
219|P2110
190|P2111
95|P2112
215|P2113
2|P2114
140|P2115
178|P2116
195|P2117
169|P2118
215|P2119
255|P2120
90|P2121
212|P2122
202|P2123
213|P2124
129|P2125
79|P2126
217|P2127
258|P2128
263|P2129
8|P2130
219|P2131
112|P2132
212|P2133
76|P2134
258|P2135
45|P2136
269|P2137
165|P2138
106|P2139
212|P2140
204|P2141
34|P2142
245|P2143
258|P2144
144|P2145
240|P2146
258|P2147
122|P2148
142|P2149
148|P2150
178|P2151
189|P2152
134|P2153
207|P2154
258|P2155
258|P2156
269|P2157
148|P2158
195|P2159
155|P2160
195|P2161
178|P2162
258|P2163
252|P2164
214|P2165
148|P2166
212|P2167
207|P2168
263|P2169
258|P2170
212|P2171
143|P2172
258|P2173
142|P2174
255|P2175
212|P2176
196|P2177
156|P2178
212|P2179
122|P2180
178|P2181
167|P2182
54|P2183
156|P2184
219|P2185
160|P2186
204|P2187
258|P2188
76|P2189
16|P2190
219|P2191
258|P2192
175|P2193
168|P2194
158|P2195
195|P2196
157|P2197
2|P2198
146|P2199
219|P2200
204|P2201
216|P2202
124|P2203
120|P2204
196|P2205
214|P2206
219|P2207
77|P2208
207|P2209
207|P2210
176|P2211
140|P2212
110|P2213
219|P2214
212|P2215
132|P2216
258|P2217
160|P2218
261|P2219
153|P2220
89|P2221
78|P2222
76|P2223
132|P2224
170|P2225
165|P2226
269|P2227
33|P2228
140|P2229
168|P2230
249|P2231
263|P2232
98|P2233
218|P2234
79|P2235
258|P2236
129|P2237
269|P2238
255|P2239
84|P2240
237|P2241
28|P2242
214|P2243
6|P2244
110|P2245
219|P2246
248|P2247
126|P2248
207|P2249
23|P2250
189|P2251
195|P2252
134|P2253
211|P2254
131|P2255
251|P2256
79|P2257
235|P2258
105|P2259
212|P2260
219|P2261
212|P2262
212|P2263
258|P2264
95|P2265
78|P2266
112|P2267
218|P2268
98|P2269
81|P2270
29|P2271
140|P2272
39|P2273
207|P2274
192|P2275
263|P2276
172|P2277
157|P2278
255|P2279
269|P2280
157|P2281
235|P2282
237|P2283
175|P2284
191|P2285
126|P2286
175|P2287
219|P2288
117|P2289
240|P2290
73|P2291
258|P2292
173|P2293
157|P2294
220|P2295
157|P2296
269|P2297
48|P2298
167|P2299
207|P2300
121|P2301
258|P2302
258|P2303
183|P2304
235|P2305
258|P2306
190|P2307
128|P2308
214|P2309
237|P2310
258|P2311
252|P2312
23|P2313
39|P2314
147|P2315
178|P2316
221|P2317
56|P2318
161|P2319
214|P2320
148|P2321
219|P2322
215|P2323
89|P2324
263|P2325
98|P2326
178|P2327
258|P2328
258|P2329
211|P2330
263|P2331
74|P2332
86|P2333
219|P2334
269|P2335
243|P2336
76|P2337
153|P2338
191|P2339
155|P2340
184|P2341
218|P2342
27|P2343
258|P2344
176|P2345
232|P2346
159|P2347
205|P2348
122|P2349
152|P2350
230|P2351
203|P2352
258|P2353
258|P2354
258|P2355
212|P2356
105|P2357
188|P2358
29|P2359
207|P2360
178|P2361
76|P2362
98|P2363
153|P2364
213|P2365
222|P2366
120|P2367
255|P2368
103|P2369
195|P2370
178|P2371
41|P2372
269|P2373
189|P2374
91|P2375
155|P2376
258|P2377
126|P2378
211|P2379
73|P2380
134|P2381
40|P2382
258|P2383
76|P2384
263|P2385
219|P2386
219|P2387
258|P2388
258|P2389
195|P2390
132|P2391
178|P2392
178|P2393
215|P2394
210|P2395
220|P2396
98|P2397
88|P2398
121|P2399
258|P2400
132|P2401
173|P2402
258|P2403
258|P2404
157|P2405
219|P2406
207|P2407
190|P2408
239|P2409
253|P2410
240|P2411
219|P2412
219|P2413
228|P2414
228|P2415
45|P2416
105|P2417
96|P2418
243|P2419
166|P2420
30|P2421
137|P2422
120|P2423
258|P2424
183|P2425
100|P2426
8|P2427
258|P2428
155|P2429
255|P2430
124|P2431
162|P2432
78|P2433
258|P2434
128|P2435
269|P2436
74|P2437
2|P2438
212|P2439
195|P2440
216|P2441
237|P2442
258|P2443
137|P2444
56|P2445
71|P2446
246|P2447
195|P2448
148|P2449
140|P2450
228|P2451
141|P2452
187|P2453
216|P2454
265|P2455
216|P2456
56|P2457
211|P2458
102|P2459
80|P2460
132|P2461
44|P2462
160|P2463
190|P2464
186|P2465
129|P2466
122|P2467
212|P2468
212|P2469
8|P2470
73|P2471
254|P2472
236|P2473
73|P2474
54|P2475
219|P2476
122|P2477
228|P2478
23|P2479
212|P2480
257|P2481
153|P2482
215|P2483
129|P2484
216|P2485
155|P2486
181|P2487
153|P2488
263|P2489
263|P2490
258|P2491
224|P2492
232|P2493
120|P2494
195|P2495
101|P2496
102|P2497
269|P2498
235|P2499
129|P2500
188|P2501
192|P2502
163|P2503
126|P2504
153|P2505
219|P2506
110|P2507
98|P2508
129|P2509
110|P2510
8|P2511
52|P2512
263|P2513
265|P2514
174|P2515
80|P2516
214|P2517
228|P2518
140|P2519
121|P2520
217|P2521
140|P2522
255|P2523
219|P2524
212|P2525
258|P2526
214|P2527
173|P2528
258|P2529
249|P2530
210|P2531
219|P2532
219|P2533
263|P2534
234|P2535
246|P2536
126|P2537
212|P2538
166|P2539
258|P2540
195|P2541
1|P2542
69|P2543
219|P2544
139|P2545
36|P2546
195|P2547
112|P2548
137|P2549
204|P2550
263|P2551
135|P2552
263|P2553
212|P2554
192|P2555
178|P2556
17|P2557
256|P2558
132|P2559
258|P2560
212|P2561
255|P2562
258|P2563
195|P2564
237|P2565
186|P2566
218|P2567
137|P2568
74|P2569
252|P2570
162|P2571
258|P2572
47|P2573
45|P2574
56|P2575
219|P2576
223|P2577
43|P2578
227|P2579
137|P2580
263|P2581
237|P2582
207|P2583
206|P2584
269|P2585
129|P2586
193|P2587
155|P2588
258|P2589
56|P2590
212|P2591
211|P2592
76|P2593
258|P2594
155|P2595
1|P2596
58|P2597
158|P2598
212|P2599
47|P2600
66|P2601
45|P2602
258|P2603
192|P2604
170|P2605
219|P2606
187|P2607
209|P2608
137|P2609
224|P2610
100|P2611
85|P2612
204|P2613
258|P2614
108|P2615
192|P2616
248|P2617
98|P2618
41|P2619
190|P2620
175|P2621
199|P2622
169|P2623
162|P2624
212|P2625
96|P2626
99|P2627
23|P2628
213|P2629
166|P2630
124|P2631
45|P2632
139|P2633
8|P2634
258|P2635
258|P2636
78|P2637
162|P2638
199|P2639
219|P2640
263|P2641
212|P2642
252|P2643
112|P2644
202|P2645
45|P2646
129|P2647
189|P2648
168|P2649
117|P2650
219|P2651
98|P2652
236|P2653
204|P2654
29|P2655
188|P2656
222|P2657
8|P2658
148|P2659
263|P2660
189|P2661
140|P2662
258|P2663
145|P2664
126|P2665
56|P2666
258|P2667
42|P2668
219|P2669
126|P2670
202|P2671
212|P2672
106|P2673
97|P2674
269|P2675
156|P2676
157|P2677
263|P2678
228|P2679
220|P2680
132|P2681
255|P2682
269|P2683
212|P2684
212|P2685
152|P2686
41|P2687
193|P2688
212|P2689
212|P2690
113|P2691
160|P2692
114|P2693
183|P2694
71|P2695
8|P2696
269|P2697
255|P2698
195|P2699
218|P2700
147|P2701
219|P2702
120|P2703
211|P2704
204|P2705
19|P2706
258|P2707
234|P2708
258|P2709
221|P2710
114|P2711
218|P2712
162|P2713
29|P2714
219|P2715
137|P2716
195|P2717
198|P2718
249|P2719
148|P2720
86|P2721
249|P2722
121|P2723
178|P2724
193|P2725
160|P2726
258|P2727
212|P2728
45|P2729
253|P2730
204|P2731
266|P2732
237|P2733
219|P2734
53|P2735
212|P2736
243|P2737
255|P2738
255|P2739
235|P2740
258|P2741
195|P2742
140|P2743
153|P2744
18|P2745
235|P2746
219|P2747
218|P2748
245|P2749
263|P2750
150|P2751
127|P2752
195|P2753
258|P2754
152|P2755
212|P2756
258|P2757
235|P2758
256|P2759
235|P2760
218|P2761
255|P2762
120|P2763
215|P2764
81|P2765
195|P2766
155|P2767
132|P2768
202|P2769
139|P2770
78|P2771
252|P2772
199|P2773
129|P2774
137|P2775
193|P2776
56|P2777
137|P2778
263|P2779
215|P2780
256|P2781
42|P2782
92|P2783
256|P2784
98|P2785
219|P2786
255|P2787
129|P2788
233|P2789
235|P2790
137|P2791
76|P2792
201|P2793
48|P2794
121|P2795
263|P2796
45|P2797
59|P2798
207|P2799
252|P2800
120|P2801
76|P2802
219|P2803
193|P2804
249|P2805
215|P2806
168|P2807
258|P2808
212|P2809
212|P2810
178|P2811
207|P2812
207|P2813
103|P2814
140|P2815
199|P2816
249|P2817
8|P2818
236|P2819
219|P2820
110|P2821
212|P2822
235|P2823
224|P2824
52|P2825
56|P2826
235|P2827
83|P2828
195|P2829
134|P2830
252|P2831
200|P2832
212|P2833
170|P2834
115|P2835
207|P2836
268|P2837
212|P2838
129|P2839
212|P2840
249|P2841
195|P2842
195|P2843
191|P2844
192|P2845
125|P2846
212|P2847
212|P2848
137|P2849
263|P2850
132|P2851
258|P2852
188|P2853
162|P2854
195|P2855
237|P2856
76|P2857
269|P2858
258|P2859
212|P2860
56|P2861
219|P2862
258|P2863
181|P2864
76|P2865
206|P2866
2|P2867
212|P2868
72|P2869
155|P2870
204|P2871
207|P2872
269|P2873
219|P2874
26|P2875
56|P2876
252|P2877
53|P2878
212|P2879
195|P2880
120|P2881
263|P2882
207|P2883
137|P2884
157|P2885
135|P2886
211|P2887
155|P2888
269|P2889
262|P2890
54|P2891
2|P2892
105|P2893
101|P2894
211|P2895
99|P2896
79|P2897
116|P2898
120|P2899
219|P2900
252|P2901
76|P2902
96|P2903
255|P2904
195|P2905
140|P2906
129|P2907
111|P2908
258|P2909
121|P2910
168|P2911
69|P2912
173|P2913
258|P2914
195|P2915
49|P2916
147|P2917
131|P2918
205|P2919
133|P2920
219|P2921
235|P2922
212|P2923
111|P2924
2|P2925
219|P2926
211|P2927
64|P2928
252|P2929
240|P2930
140|P2931
45|P2932
219|P2933
263|P2934
211|P2935
140|P2936
101|P2937
86|P2938
258|P2939
98|P2940
67|P2941
208|P2942
112|P2943
128|P2944
219|P2945
105|P2946
137|P2947
162|P2948
195|P2949
174|P2950
149|P2951
122|P2952
178|P2953
178|P2954
252|P2955
218|P2956
249|P2957
266|P2958
195|P2959
207|P2960
168|P2961
219|P2962
220|P2963
219|P2964
105|P2965
212|P2966
195|P2967
258|P2968
155|P2969
258|P2970
246|P2971
155|P2972
245|P2973
258|P2974
219|P2975
157|P2976
224|P2977
174|P2978
153|P2979
214|P2980
122|P2981
190|P2982
63|P2983
258|P2984
10|P2985
134|P2986
133|P2987
183|P2988
183|P2989
226|P2990
219|P2991
203|P2992
258|P2993
126|P2994
56|P2995
137|P2996
137|P2997
160|P2998
195|P2999
212|P3000
207|P3001
258|P3002
269|P3003
155|P3004
101|P3005
253|P3006
9|P3007
140|P3008
217|P3009
258|P3010
129|P3011
195|P3012
106|P3013
134|P3014
263|P3015
45|P3016
188|P3017
173|P3018
116|P3019
212|P3020
269|P3021
237|P3022
195|P3023
149|P3024
155|P3025
155|P3026
253|P3027
195|P3028
117|P3029
107|P3030
186|P3031
212|P3032
269|P3033
208|P3034
219|P3035
121|P3036
258|P3037
269|P3038
122|P3039
155|P3040
212|P3041
26|P3042
107|P3043
188|P3044
134|P3045
237|P3046
178|P3047
76|P3048
195|P3049
214|P3050
132|P3051
173|P3052
219|P3053
262|P3054
144|P3055
212|P3056
256|P3057
193|P3058
106|P3059
139|P3060
117|P3061
203|P3062
263|P3063
76|P3064
132|P3065
232|P3066
218|P3067
81|P3068
56|P3069
145|P3070
249|P3071
266|P3072
212|P3073
219|P3074
256|P3075
241|P3076
258|P3077
106|P3078
212|P3079
95|P3080
62|P3081
167|P3082
61|P3083
258|P3084
128|P3085
258|P3086
223|P3087
168|P3088
192|P3089
212|P3090
155|P3091
258|P3092
219|P3093
137|P3094
99|P3095
212|P3096
212|P3097
190|P3098
54|P3099
120|P3100
56|P3101
101|P3102
258|P3103
173|P3104
132|P3105
160|P3106
178|P3107
100|P3108
237|P3109
258|P3110
235|P3111
147|P3112
195|P3113
258|P3114
206|P3115
263|P3116
162|P3117
193|P3118
219|P3119
258|P3120
129|P3121
157|P3122
153|P3123
195|P3124
253|P3125
124|P3126
269|P3127
263|P3128
155|P3129
53|P3130
258|P3131
145|P3132
127|P3133
121|P3134
258|P3135
242|P3136
137|P3137
263|P3138
269|P3139
222|P3140
19|P3141
235|P3142
218|P3143
132|P3144
129|P3145
129|P3146
252|P3147
162|P3148
192|P3149
117|P3150
212|P3151
166|P3152
269|P3153
255|P3154
76|P3155
258|P3156
140|P3157
219|P3158
157|P3159
241|P3160
88|P3161
169|P3162
208|P3163
195|P3164
249|P3165
209|P3166
207|P3167
54|P3168
212|P3169
259|P3170
258|P3171
249|P3172
160|P3173
184|P3174
207|P3175
258|P3176
194|P3177
219|P3178
195|P3179
209|P3180
193|P3181
269|P3182
218|P3183
137|P3184
200|P3185
140|P3186
109|P3187
263|P3188
138|P3189
207|P3190
214|P3191
219|P3192
98|P3193
118|P3194
212|P3195
41|P3196
118|P3197
185|P3198
121|P3199
212|P3200
195|P3201
160|P3202
269|P3203
45|P3204
212|P3205
212|P3206
255|P3207
219|P3208
214|P3209
260|P3210
212|P3211
44|P3212
195|P3213
151|P3214
214|P3215
4|P3216
263|P3217
183|P3218
212|P3219
184|P3220
64|P3221
82|P3222
217|P3223
190|P3224
93|P3225
126|P3226
235|P3227
173|P3228
249|P3229
189|P3230
129|P3231
258|P3232
255|P3233
149|P3234
253|P3235
130|P3236
158|P3237
168|P3238
124|P3239
219|P3240
48|P3241
179|P3242
219|P3243
41|P3244
235|P3245
258|P3246
195|P3247
204|P3248
136|P3249
212|P3250
232|P3251
207|P3252
232|P3253
181|P3254
124|P3255
212|P3256
94|P3257
116|P3258
258|P3259
212|P3260
212|P3261
169|P3262
157|P3263
74|P3264
153|P3265
195|P3266
143|P3267
156|P3268
212|P3269
219|P3270
214|P3271
269|P3272
258|P3273
120|P3274
263|P3275
151|P3276
212|P3277
79|P3278
267|P3279
199|P3280
212|P3281
255|P3282
134|P3283
258|P3284
228|P3285
206|P3286
112|P3287
178|P3288
138|P3289
8|P3290
117|P3291
157|P3292
115|P3293
257|P3294
263|P3295
161|P3296
218|P3297
191|P3298
221|P3299
13|P3300
139|P3301
269|P3302
69|P3303
219|P3304
263|P3305
106|P3306
255|P3307
212|P3308
89|P3309
41|P3310
126|P3311
154|P3312
212|P3313
212|P3314
219|P3315
130|P3316
213|P3317
121|P3318
145|P3319
249|P3320
218|P3321
219|P3322
183|P3323
258|P3324
219|P3325
212|P3326
98|P3327
215|P3328
258|P3329
258|P3330
263|P3331
212|P3332
246|P3333
129|P3334
269|P3335
162|P3336
219|P3337
126|P3338
258|P3339
41|P3340
258|P3341
195|P3342
249|P3343
178|P3344
258|P3345
132|P3346
89|P3347
212|P3348
212|P3349
139|P3350
124|P3351
212|P3352
258|P3353
219|P3354
263|P3355
212|P3356
195|P3357
258|P3358
128|P3359
150|P3360
71|P3361
249|P3362
184|P3363
117|P3364
137|P3365
126|P3366
121|P3367
110|P3368
174|P3369
201|P3370
207|P3371
38|P3372
179|P3373
218|P3374
116|P3375
212|P3376
269|P3377
102|P3378
207|P3379
221|P3380
212|P3381
212|P3382
269|P3383
212|P3384
149|P3385
128|P3386
263|P3387
155|P3388
114|P3389
126|P3390
71|P3391
195|P3392
39|P3393
140|P3394
76|P3395
194|P3396
149|P3397
115|P3398
178|P3399
212|P3400
258|P3401
204|P3402
126|P3403
255|P3404
219|P3405
219|P3406
207|P3407
8|P3408
112|P3409
42|P3410
196|P3411
232|P3412
137|P3413
232|P3414
137|P3415
251|P3416
116|P3417
207|P3418
219|P3419
64|P3420
173|P3421
16|P3422
157|P3423
207|P3424
258|P3425
134|P3426
232|P3427
246|P3428
219|P3429
115|P3430
23|P3431
56|P3432
219|P3433
255|P3434
212|P3435
193|P3436
76|P3437
207|P3438
255|P3439
263|P3440
212|P3441
147|P3442
137|P3443
232|P3444
212|P3445
258|P3446
195|P3447
209|P3448
258|P3449
207|P3450
232|P3451
195|P3452
189|P3453
207|P3454
219|P3455
235|P3456
212|P3457
134|P3458
256|P3459
106|P3460
99|P3461
156|P3462
258|P3463
17|P3464
219|P3465
117|P3466
207|P3467
169|P3468
263|P3469
185|P3470
134|P3471
258|P3472
212|P3473
258|P3474
201|P3475
162|P3476
219|P3477
155|P3478
235|P3479
176|P3480
205|P3481
258|P3482
112|P3483
252|P3484
149|P3485
255|P3486
195|P3487
75|P3488
219|P3489
162|P3490
219|P3491
85|P3492
255|P3493
214|P3494
222|P3495
137|P3496
10|P3497
97|P3498
122|P3499
153|P3500
179|P3501
258|P3502
212|P3503
112|P3504
214|P3505
129|P3506
127|P3507
129|P3508
258|P3509
248|P3510
8|P3511
151|P3512
147|P3513
162|P3514
54|P3515
212|P3516
169|P3517
111|P3518
140|P3519
148|P3520
195|P3521
140|P3522
110|P3523
255|P3524
88|P3525
120|P3526
30|P3527
89|P3528
258|P3529
98|P3530
212|P3531
137|P3532
122|P3533
207|P3534
232|P3535
266|P3536
212|P3537
71|P3538
212|P3539
195|P3540
110|P3541
128|P3542
150|P3543
121|P3544
84|P3545
23|P3546
258|P3547
18|P3548
258|P3549
225|P3550
160|P3551
151|P3552
127|P3553
8|P3554
159|P3555
52|P3556
119|P3557
28|P3558
219|P3559
45|P3560
183|P3561
263|P3562
110|P3563
153|P3564
72|P3565
204|P3566
258|P3567
155|P3568
134|P3569
211|P3570
130|P3571
128|P3572
147|P3573
140|P3574
258|P3575
245|P3576
79|P3577
112|P3578
107|P3579
219|P3580
258|P3581
144|P3582
159|P3583
89|P3584
219|P3585
258|P3586
269|P3587
214|P3588
188|P3589
113|P3590
196|P3591
237|P3592
212|P3593
206|P3594
269|P3595
258|P3596
157|P3597
258|P3598
124|P3599
214|P3600
105|P3601
258|P3602
124|P3603
256|P3604
40|P3605
20|P3606
249|P3607
256|P3608
140|P3609
174|P3610
258|P3611
92|P3612
131|P3613
86|P3614
269|P3615
160|P3616
140|P3617
269|P3618
212|P3619
40|P3620
76|P3621
225|P3622
110|P3623
237|P3624
219|P3625
219|P3626
211|P3627
235|P3628
101|P3629
258|P3630
258|P3631
143|P3632
258|P3633
257|P3634
195|P3635
126|P3636
121|P3637
196|P3638
233|P3639
167|P3640
90|P3641
169|P3642
209|P3643
110|P3644
132|P3645
72|P3646
122|P3647
161|P3648
214|P3649
203|P3650
105|P3651
140|P3652
216|P3653
32|P3654
228|P3655
212|P3656
214|P3657
219|P3658
91|P3659
249|P3660
25|P3661
189|P3662
224|P3663
28|P3664
249|P3665
212|P3666
192|P3667
235|P3668
143|P3669
178|P3670
219|P3671
269|P3672
106|P3673
219|P3674
204|P3675
105|P3676
110|P3677
192|P3678
188|P3679
181|P3680
256|P3681
181|P3682
193|P3683
183|P3684
129|P3685
112|P3686
71|P3687
219|P3688
120|P3689
235|P3690
214|P3691
207|P3692
195|P3693
56|P3694
204|P3695
258|P3696
237|P3697
74|P3698
212|P3699
258|P3700
258|P3701
19|P3702
258|P3703
192|P3704
223|P3705
258|P3706
106|P3707
258|P3708
258|P3709
101|P3710
212|P3711
121|P3712
111|P3713
269|P3714
17|P3715
117|P3716
235|P3717
235|P3718
106|P3719
154|P3720
214|P3721
212|P3722
211|P3723
155|P3724
8|P3725
168|P3726
76|P3727
137|P3728
56|P3729
212|P3730
195|P3731
258|P3732
76|P3733
77|P3734
219|P3735
258|P3736
112|P3737
258|P3738
207|P3739
71|P3740
258|P3741
210|P3742
135|P3743
2|P3744
212|P3745
120|P3746
108|P3747
256|P3748
129|P3749
190|P3750
210|P3751
258|P3752
212|P3753
212|P3754
207|P3755
219|P3756
128|P3757
232|P3758
129|P3759
160|P3760
189|P3761
207|P3762
193|P3763
175|P3764
212|P3765
258|P3766
219|P3767
269|P3768
170|P3769
263|P3770
212|P3771
112|P3772
212|P3773
160|P3774
195|P3775
167|P3776
34|P3777
157|P3778
167|P3779
51|P3780
258|P3781
29|P3782
193|P3783
124|P3784
112|P3785
214|P3786
132|P3787
114|P3788
129|P3789
160|P3790
255|P3791
190|P3792
212|P3793
97|P3794
155|P3795
235|P3796
137|P3797
107|P3798
137|P3799
235|P3800
235|P3801
218|P3802
207|P3803
238|P3804
207|P3805
112|P3806
249|P3807
226|P3808
255|P3809
187|P3810
118|P3811
148|P3812
258|P3813
195|P3814
195|P3815
212|P3816
133|P3817
255|P3818
148|P3819
147|P3820
45|P3821
188|P3822
214|P3823
47|P3824
160|P3825
207|P3826
116|P3827
7|P3828
132|P3829
106|P3830
202|P3831
116|P3832
241|P3833
154|P3834
258|P3835
107|P3836
245|P3837
235|P3838
244|P3839
200|P3840
258|P3841
221|P3842
219|P3843
155|P3844
262|P3845
210|P3846
79|P3847
2|P3848
212|P3849
135|P3850
8|P3851
207|P3852
212|P3853
212|P3854
235|P3855
195|P3856
140|P3857
103|P3858
258|P3859
139|P3860
202|P3861
3|P3862
263|P3863
122|P3864
258|P3865
137|P3866
207|P3867
98|P3868
97|P3869
124|P3870
201|P3871
212|P3872
263|P3873
142|P3874
268|P3875
242|P3876
212|P3877
148|P3878
148|P3879
162|P3880
235|P3881
258|P3882
160|P3883
195|P3884
137|P3885
195|P3886
206|P3887
188|P3888
195|P3889
258|P3890
228|P3891
263|P3892
192|P3893
197|P3894
258|P3895
204|P3896
204|P3897
207|P3898
211|P3899
219|P3900
195|P3901
207|P3902
173|P3903
212|P3904
258|P3905
171|P3906
207|P3907
207|P3908
219|P3909
215|P3910
258|P3911
132|P3912
23|P3913
45|P3914
258|P3915
212|P3916
228|P3917
263|P3918
78|P3919
148|P3920
140|P3921
38|P3922
67|P3923
79|P3924
93|P3925
212|P3926
212|P3927
255|P3928
168|P3929
232|P3930
137|P3931
192|P3932
225|P3933
209|P3934
129|P3935
204|P3936
137|P3937
212|P3938
129|P3939
219|P3940
192|P3941
258|P3942
168|P3943
8|P3944
258|P3945
212|P3946
201|P3947
57|P3948
263|P3949
76|P3950
258|P3951
195|P3952
195|P3953
126|P3954
105|P3955
232|P3956
258|P3957
258|P3958
214|P3959
252|P3960
86|P3961
178|P3962
212|P3963
207|P3964
201|P3965
96|P3966
126|P3967
235|P3968
212|P3969
128|P3970
76|P3971
258|P3972
175|P3973
258|P3974
121|P3975
258|P3976
258|P3977
188|P3978
237|P3979
258|P3980
219|P3981
8|P3982
145|P3983
216|P3984
178|P3985
217|P3986
106|P3987
258|P3988
152|P3989
184|P3990
219|P3991
214|P3992
96|P3993
258|P3994
39|P3995
212|P3996
258|P3997
211|P3998
49|P3999
17|P4000
269|P4001
235|P4002
137|P4003
90|P4004
258|P4005
106|P4006
269|P4007
235|P4008
144|P4009
178|P4010
45|P4011
258|P4012
216|P4013
227|P4014
193|P4015
8|P4016
94|P4017
178|P4018
78|P4019
212|P4020
215|P4021
18|P4022
183|P4023
87|P4024
124|P4025
263|P4026
164|P4027
63|P4028
258|P4029
19|P4030
219|P4031
134|P4032
181|P4033
156|P4034
178|P4035
106|P4036
101|P4037
258|P4038
137|P4039
211|P4040
258|P4041
200|P4042
199|P4043
98|P4044
61|P4045
258|P4046
195|P4047
56|P4048
243|P4049
263|P4050
153|P4051
169|P4052
258|P4053
219|P4054
219|P4055
207|P4056
219|P4057
76|P4058
172|P4059
219|P4060
199|P4061
263|P4062
246|P4063
216|P4064
249|P4065
255|P4066
212|P4067
137|P4068
190|P4069
130|P4070
212|P4071
249|P4072
218|P4073
74|P4074
258|P4075
38|P4076
228|P4077
249|P4078
129|P4079
204|P4080
148|P4081
269|P4082
258|P4083
183|P4084
258|P4085
120|P4086
262|P4087
55|P4088
258|P4089
111|P4090
8|P4091
169|P4092
258|P4093
56|P4094
39|P4095
212|P4096
234|P4097
112|P4098
258|P4099
2|P4100
16|P4101
129|P4102
246|P4103
258|P4104
152|P4105
258|P4106
269|P4107
212|P4108
263|P4109
221|P4110
79|P4111
258|P4112
237|P4113
269|P4114
258|P4115
201|P4116
16|P4117
178|P4118
107|P4119
190|P4120
101|P4121
114|P4122
248|P4123
155|P4124
214|P4125
212|P4126
258|P4127
155|P4128
132|P4129
244|P4130
258|P4131
178|P4132
207|P4133
171|P4134
207|P4135
235|P4136
205|P4137
212|P4138
41|P4139
155|P4140
219|P4141
218|P4142
219|P4143
59|P4144
130|P4145
114|P4146
201|P4147
128|P4148
114|P4149
137|P4150
36|P4151
132|P4152
212|P4153
226|P4154
115|P4155
235|P4156
258|P4157
111|P4158
130|P4159
190|P4160
212|P4161
76|P4162
228|P4163
110|P4164
258|P4165
232|P4166
201|P4167
269|P4168
255|P4169
128|P4170
195|P4171
115|P4172
86|P4173
237|P4174
255|P4175
131|P4176
80|P4177
71|P4178
126|P4179
219|P4180
237|P4181
193|P4182
76|P4183
63|P4184
212|P4185
212|P4186
155|P4187
258|P4188
255|P4189
178|P4190
235|P4191
204|P4192
126|P4193
145|P4194
212|P4195
1|P4196
235|P4197
254|P4198
126|P4199
56|P4200
212|P4201
207|P4202
178|P4203
258|P4204
258|P4205
124|P4206
112|P4207
219|P4208
266|P4209
249|P4210
17|P4211
181|P4212
232|P4213
219|P4214
225|P4215
258|P4216
263|P4217
195|P4218
63|P4219
174|P4220
34|P4221
121|P4222
269|P4223
41|P4224
212|P4225
105|P4226
151|P4227
269|P4228
140|P4229
84|P4230
34|P4231
207|P4232
151|P4233
172|P4234
20|P4235
269|P4236
234|P4237
249|P4238
95|P4239
258|P4240
262|P4241
269|P4242
216|P4243
132|P4244
258|P4245
57|P4246
216|P4247
76|P4248
149|P4249
188|P4250
101|P4251
211|P4252
269|P4253
122|P4254
94|P4255
204|P4256
16|P4257
178|P4258
258|P4259
197|P4260
195|P4261
76|P4262
140|P4263
258|P4264
137|P4265
126|P4266
249|P4267
219|P4268
112|P4269
249|P4270
162|P4271
250|P4272
195|P4273
56|P4274
112|P4275
70|P4276
106|P4277
97|P4278
263|P4279
76|P4280
204|P4281
143|P4282
19|P4283
263|P4284
92|P4285
127|P4286
92|P4287
263|P4288
258|P4289
195|P4290
258|P4291
190|P4292
135|P4293
2|P4294
195|P4295
212|P4296
212|P4297
263|P4298
206|P4299
160|P4300
195|P4301
219|P4302
258|P4303
214|P4304
261|P4305
258|P4306
129|P4307
258|P4308
201|P4309
44|P4310
76|P4311
173|P4312
160|P4313
207|P4314
137|P4315
207|P4316
74|P4317
126|P4318
207|P4319
164|P4320
2|P4321
107|P4322
152|P4323
235|P4324
202|P4325
126|P4326
256|P4327
150|P4328
207|P4329
76|P4330
258|P4331
258|P4332
170|P4333
228|P4334
258|P4335
269|P4336
258|P4337
212|P4338
88|P4339
137|P4340
253|P4341
206|P4342
145|P4343
237|P4344
111|P4345
212|P4346
223|P4347
133|P4348
217|P4349
226|P4350
205|P4351
39|P4352
219|P4353
258|P4354
115|P4355
121|P4356
172|P4357
269|P4358
210|P4359
212|P4360
193|P4361
121|P4362
235|P4363
207|P4364
212|P4365
227|P4366
212|P4367
144|P4368
269|P4369
269|P4370
106|P4371
169|P4372
78|P4373
91|P4374
195|P4375
157|P4376
178|P4377
157|P4378
124|P4379
8|P4380
169|P4381
124|P4382
263|P4383
155|P4384
202|P4385
153|P4386
189|P4387
241|P4388
96|P4389
195|P4390
258|P4391
162|P4392
128|P4393
76|P4394
258|P4395
137|P4396
225|P4397
76|P4398
258|P4399
112|P4400
212|P4401
132|P4402
126|P4403
195|P4404
258|P4405
250|P4406
201|P4407
258|P4408
263|P4409
178|P4410
263|P4411
255|P4412
29|P4413
235|P4414
184|P4415
265|P4416
130|P4417
263|P4418
218|P4419
219|P4420
192|P4421
137|P4422
185|P4423
258|P4424
104|P4425
255|P4426
8|P4427
212|P4428
231|P4429
21|P4430
191|P4431
150|P4432
15|P4433
258|P4434
140|P4435
212|P4436
212|P4437
114|P4438
153|P4439
155|P4440
115|P4441
129|P4442
74|P4443
137|P4444
263|P4445
263|P4446
219|P4447
255|P4448
98|P4449
56|P4450
73|P4451
214|P4452
269|P4453
192|P4454
219|P4455
155|P4456
178|P4457
219|P4458
161|P4459
243|P4460
155|P4461
192|P4462
255|P4463
249|P4464
166|P4465
216|P4466
263|P4467
258|P4468
219|P4469
114|P4470
137|P4471
258|P4472
122|P4473
218|P4474
223|P4475
88|P4476
151|P4477
258|P4478
195|P4479
258|P4480
120|P4481
101|P4482
178|P4483
212|P4484
214|P4485
258|P4486
53|P4487
247|P4488
127|P4489
212|P4490
94|P4491
255|P4492
114|P4493
195|P4494
219|P4495
140|P4496
106|P4497
117|P4498
132|P4499
56|P4500
8|P4501
232|P4502
269|P4503
219|P4504
67|P4505
212|P4506
185|P4507
212|P4508
195|P4509
259|P4510
127|P4511
19|P4512
183|P4513
192|P4514
170|P4515
215|P4516
258|P4517
78|P4518
134|P4519
168|P4520
165|P4521
269|P4522
207|P4523
132|P4524
207|P4525
129|P4526
215|P4527
212|P4528
255|P4529
19|P4530
178|P4531
61|P4532
263|P4533
104|P4534
210|P4535
269|P4536
148|P4537
203|P4538
162|P4539
184|P4540
269|P4541
119|P4542
212|P4543
84|P4544
219|P4545
235|P4546
207|P4547
162|P4548
178|P4549
149|P4550
8|P4551
258|P4552
44|P4553
255|P4554
137|P4555
214|P4556
207|P4557
46|P4558
147|P4559
132|P4560
69|P4561
153|P4562
43|P4563
72|P4564
108|P4565
168|P4566
196|P4567
207|P4568
249|P4569
155|P4570
7|P4571
132|P4572
208|P4573
140|P4574
98|P4575
258|P4576
207|P4577
122|P4578
23|P4579
212|P4580
139|P4581
135|P4582
79|P4583
21|P4584
155|P4585
15|P4586
56|P4587
195|P4588
219|P4589
101|P4590
179|P4591
96|P4592
258|P4593
106|P4594
255|P4595
140|P4596
235|P4597
214|P4598
2|P4599
132|P4600
207|P4601
219|P4602
88|P4603
144|P4604
224|P4605
88|P4606
79|P4607
258|P4608
258|P4609
106|P4610
228|P4611
263|P4612
263|P4613
192|P4614
215|P4615
51|P4616
134|P4617
184|P4618
258|P4619
86|P4620
134|P4621
195|P4622
120|P4623
195|P4624
203|P4625
201|P4626
101|P4627
244|P4628
252|P4629
214|P4630
219|P4631
212|P4632
249|P4633
101|P4634
255|P4635
7|P4636
255|P4637
95|P4638
95|P4639
258|P4640
131|P4641
269|P4642
112|P4643
235|P4644
29|P4645
129|P4646
162|P4647
176|P4648
195|P4649
67|P4650
160|P4651
43|P4652
207|P4653
200|P4654
120|P4655
129|P4656
219|P4657
141|P4658
31|P4659
34|P4660
183|P4661
155|P4662
258|P4663
212|P4664
207|P4665
255|P4666
137|P4667
237|P4668
192|P4669
219|P4670
235|P4671
161|P4672
191|P4673
269|P4674
145|P4675
225|P4676
76|P4677
88|P4678
195|P4679
137|P4680
105|P4681
74|P4682
169|P4683
105|P4684
213|P4685
212|P4686
225|P4687
2|P4688
203|P4689
237|P4690
101|P4691
179|P4692
56|P4693
76|P4694
129|P4695
204|P4696
252|P4697
137|P4698
199|P4699
84|P4700
140|P4701
219|P4702
10|P4703
269|P4704
178|P4705
112|P4706
226|P4707
130|P4708
117|P4709
132|P4710
211|P4711
195|P4712
258|P4713
129|P4714
186|P4715
184|P4716
132|P4717
237|P4718
157|P4719
195|P4720
212|P4721
132|P4722
269|P4723
209|P4724
249|P4725
110|P4726
212|P4727
114|P4728
258|P4729
269|P4730
195|P4731
258|P4732
171|P4733
128|P4734
193|P4735
3|P4736
219|P4737
269|P4738
144|P4739
219|P4740
219|P4741
235|P4742
263|P4743
126|P4744
53|P4745
56|P4746
263|P4747
258|P4748
155|P4749
41|P4750
246|P4751
160|P4752
269|P4753
141|P4754
212|P4755
90|P4756
2|P4757
218|P4758
267|P4759
219|P4760
195|P4761
101|P4762
212|P4763
145|P4764
122|P4765
106|P4766
253|P4767
212|P4768
117|P4769
235|P4770
212|P4771
212|P4772
22|P4773
139|P4774
178|P4775
18|P4776
137|P4777
232|P4778
2|P4779
263|P4780
126|P4781
132|P4782
237|P4783
80|P4784
263|P4785
121|P4786
112|P4787
112|P4788
2|P4789
212|P4790
13|P4791
112|P4792
269|P4793
217|P4794
212|P4795
235|P4796
199|P4797
59|P4798
116|P4799
190|P4800
58|P4801
168|P4802
104|P4803
83|P4804
140|P4805
269|P4806
123|P4807
118|P4808
245|P4809
209|P4810
258|P4811
204|P4812
255|P4813
15|P4814
11|P4815
47|P4816
140|P4817
126|P4818
263|P4819
258|P4820
255|P4821
219|P4822
269|P4823
97|P4824
235|P4825
218|P4826
7|P4827
232|P4828
249|P4829
133|P4830
112|P4831
148|P4832
249|P4833
256|P4834
195|P4835
195|P4836
195|P4837
217|P4838
258|P4839
137|P4840
252|P4841
114|P4842
219|P4843
255|P4844
258|P4845
207|P4846
212|P4847
169|P4848
112|P4849
120|P4850
232|P4851
68|P4852
95|P4853
255|P4854
55|P4855
195|P4856
126|P4857
258|P4858
174|P4859
157|P4860
175|P4861
212|P4862
136|P4863
107|P4864
258|P4865
258|P4866
202|P4867
192|P4868
160|P4869
232|P4870
195|P4871
153|P4872
70|P4873
162|P4874
139|P4875
192|P4876
258|P4877
135|P4878
219|P4879
212|P4880
255|P4881
112|P4882
137|P4883
96|P4884
249|P4885
38|P4886
126|P4887
269|P4888
56|P4889
106|P4890
134|P4891
193|P4892
258|P4893
258|P4894
214|P4895
246|P4896
219|P4897
212|P4898
212|P4899
235|P4900
260|P4901
137|P4902
199|P4903
217|P4904
195|P4905
91|P4906
120|P4907
258|P4908
258|P4909
151|P4910
176|P4911
258|P4912
104|P4913
173|P4914
219|P4915
207|P4916
258|P4917
235|P4918
144|P4919
246|P4920
139|P4921
195|P4922
258|P4923
175|P4924
214|P4925
106|P4926
212|P4927
72|P4928
112|P4929
269|P4930
192|P4931
212|P4932
249|P4933
204|P4934
68|P4935
183|P4936
131|P4937
258|P4938
178|P4939
133|P4940
246|P4941
189|P4942
213|P4943
258|P4944
56|P4945
101|P4946
196|P4947
188|P4948
111|P4949
249|P4950
129|P4951
212|P4952
193|P4953
5|P4954
124|P4955
141|P4956
116|P4957
45|P4958
76|P4959
204|P4960
195|P4961
232|P4962
231|P4963
219|P4964
114|P4965
207|P4966
94|P4967
237|P4968
195|P4969
212|P4970
235|P4971
214|P4972
212|P4973
195|P4974
134|P4975
215|P4976
121|P4977
263|P4978
211|P4979
261|P4980
214|P4981
56|P4982
214|P4983
131|P4984
120|P4985
247|P4986
158|P4987
155|P4988
253|P4989
101|P4990
195|P4991
137|P4992
219|P4993
145|P4994
121|P4995
43|P4996
165|P4997
82|P4998
258|P4999
80|P5000
160|P5001
195|P5002
80|P5003
201|P5004
131|P5005
140|P5006
76|P5007
71|P5008
75|P5009
242|P5010
252|P5011
258|P5012
175|P5013
235|P5014
153|P5015
237|P5016
192|P5017
232|P5018
10|P5019
195|P5020
60|P5021
128|P5022
102|P5023
140|P5024
151|P5025
220|P5026
207|P5027
200|P5028
235|P5029
137|P5030
132|P5031
212|P5032
255|P5033
45|P5034
139|P5035
258|P5036
249|P5037
219|P5038
157|P5039
163|P5040
224|P5041
195|P5042
195|P5043
174|P5044
140|P5045
193|P5046
214|P5047
218|P5048
219|P5049
156|P5050
106|P5051
258|P5052
132|P5053
258|P5054
199|P5055
195|P5056
38|P5057
168|P5058
218|P5059
189|P5060
178|P5061
121|P5062
168|P5063
253|P5064
218|P5065
219|P5066
217|P5067
40|P5068
249|P5069
201|P5070
178|P5071
219|P5072
192|P5073
131|P5074
187|P5075
195|P5076
130|P5077
202|P5078
168|P5079
235|P5080
258|P5081
258|P5082
212|P5083
137|P5084
195|P5085
19|P5086
137|P5087
255|P5088
142|P5089
219|P5090
218|P5091
193|P5092
219|P5093
263|P5094
87|P5095
216|P5096
219|P5097
97|P5098
207|P5099
263|P5100
192|P5101
29|P5102
228|P5103
212|P5104
140|P5105
184|P5106
85|P5107
140|P5108
178|P5109
258|P5110
116|P5111
183|P5112
160|P5113
218|P5114
248|P5115
249|P5116
214|P5117
193|P5118
214|P5119
249|P5120
269|P5121
195|P5122
207|P5123
184|P5124
195|P5125
212|P5126
86|P5127
240|P5128
200|P5129
249|P5130
45|P5131
110|P5132
128|P5133
228|P5134
219|P5135
250|P5136
249|P5137
222|P5138
219|P5139
79|P5140
219|P5141
210|P5142
258|P5143
249|P5144
235|P5145
171|P5146
114|P5147
212|P5148
148|P5149
188|P5150
122|P5151
128|P5152
252|P5153
213|P5154
8|P5155
261|P5156
8|P5157
255|P5158
78|P5159
160|P5160
167|P5161
104|P5162
255|P5163
131|P5164
258|P5165
195|P5166
219|P5167
115|P5168
129|P5169
134|P5170
212|P5171
149|P5172
258|P5173
269|P5174
208|P5175
160|P5176
219|P5177
246|P5178
183|P5179
132|P5180
210|P5181
247|P5182
219|P5183
207|P5184
137|P5185
192|P5186
262|P5187
195|P5188
134|P5189
189|P5190
149|P5191
212|P5192
235|P5193
258|P5194
200|P5195
65|P5196
155|P5197
204|P5198
219|P5199
207|P5200
178|P5201
207|P5202
158|P5203
199|P5204
19|P5205
155|P5206
232|P5207
157|P5208
198|P5209
80|P5210
235|P5211
169|P5212
207|P5213
212|P5214
51|P5215
208|P5216
237|P5217
269|P5218
195|P5219
137|P5220
212|P5221
121|P5222
207|P5223
2|P5224
258|P5225
263|P5226
247|P5227
45|P5228
258|P5229
228|P5230
172|P5231
21|P5232
258|P5233
56|P5234
69|P5235
258|P5236
219|P5237
148|P5238
219|P5239
120|P5240
124|P5241
106|P5242
193|P5243
76|P5244
153|P5245
209|P5246
146|P5247
132|P5248
88|P5249
44|P5250
106|P5251
258|P5252
120|P5253
193|P5254
101|P5255
195|P5256
120|P5257
112|P5258
45|P5259
155|P5260
195|P5261
249|P5262
76|P5263
88|P5264
269|P5265
269|P5266
107|P5267
219|P5268
160|P5269
105|P5270
99|P5271
76|P5272
125|P5273
189|P5274
258|P5275
57|P5276
207|P5277
81|P5278
212|P5279
234|P5280
212|P5281
246|P5282
74|P5283
235|P5284
221|P5285
153|P5286
153|P5287
129|P5288
126|P5289
107|P5290
243|P5291
269|P5292
106|P5293
253|P5294
52|P5295
235|P5296
129|P5297
212|P5298
207|P5299
41|P5300
171|P5301
245|P5302
155|P5303
169|P5304
94|P5305
129|P5306
137|P5307
205|P5308
212|P5309
195|P5310
219|P5311
